n,sampler,backend,logdet_method,wall_s,rho_ess,rho_ess_per_s,beta_ess,beta_ess_per_s,rho_mean,rho_sd
400,gibbs,numpy,eigenvalue,0.711,4016.6,5646.94,4027.2,5661.87,0.5871,0.031
400,gibbs,jax,eigenvalue,1.453,3952.4,2720.01,3940.2,2711.58,0.5874,0.0315
400,nuts,pymc-pymc,eigenvalue,0.906,2231.5,2461.9,2456.8,2710.47,0.5865,0.0315
400,nuts,pymc-nutpie,eigenvalue,0.907,2410.0,2657.23,2338.3,2578.21,0.5878,0.0316
400,nuts,pymc-blackjax,eigenvalue,3.863,1984.3,513.66,2093.3,541.87,0.5875,0.0309
2500,gibbs,numpy,cheb_cholesky,2.019,4239.1,2100.08,4029.3,1996.16,0.6002,0.0116
2500,gibbs,jax,cheb_cholesky,2.239,4053.2,1810.44,3932.6,1756.56,0.6002,0.0115
2500,nuts,pymc-pymc,cheb_cholesky,11.113,2042.0,183.75,2124.5,191.18,0.6,0.0115
2500,nuts,pymc-nutpie,cheb_cholesky,10.652,1939.7,182.1,1856.7,174.3,0.6002,0.0115
2500,nuts,pymc-blackjax,cheb_cholesky,6.17,1883.4,305.25,2034.2,329.7,0.6003,0.0112
10000,gibbs,numpy,cheb_cholesky,3.217,3946.1,1226.67,3930.2,1221.73,0.5971,0.0059
10000,gibbs,jax,cheb_cholesky,3.484,3908.9,1122.01,3787.1,1087.06,0.597,0.006
10000,nuts,pymc-pymc,cheb_cholesky,11.429,1833.3,160.4,1902.3,166.44,0.5972,0.0059
10000,nuts,pymc-nutpie,cheb_cholesky,11.826,1789.6,151.33,1762.5,149.04,0.5971,0.0059
10000,nuts,pymc-blackjax,cheb_cholesky,8.409,1853.6,220.44,1929.6,229.48,0.5972,0.0058
