gate,key,value
gradient_accuracy,N400_N,400
gradient_accuracy,N400_std_pct_g_d,36.47677643163216
gradient_accuracy,N400_std_pct_g_o,88.68902022168191
gradient_accuracy,N400_bias_pct_g_d,24.26242508219902
gradient_accuracy,N400_bias_pct_g_o,28.756316255760606
gradient_accuracy,N900_N,900
gradient_accuracy,N900_std_pct_g_d,29.34910877757579
gradient_accuracy,N900_std_pct_g_o,38.090925219609275
gradient_accuracy,N900_bias_pct_g_d,16.509435555927507
gradient_accuracy,N900_bias_pct_g_o,14.426908616984708
gradient_accuracy,N1600_N,1600
gradient_accuracy,N1600_std_pct_g_d,27.04292076956583
gradient_accuracy,N1600_std_pct_g_o,26.34566047532086
gradient_accuracy,N1600_bias_pct_g_d,2.1928734688517926
gradient_accuracy,N1600_bias_pct_g_o,24.297743027128707
ess_per_sec,n,18
ess_per_sec,N,324
ess_per_sec,backend,exact
ess_per_sec,wall_s,1.6470477499970002
ess_per_sec,ess_min_rho,8.72144253563586
ess_per_sec,ess_per_sec,5.295197140247904
ess_per_sec,rho_d_mean,0.2696937405267147
ess_per_sec,rho_o_mean,0.16230917356380256
ess_per_sec,rho_w_mean,0.1890426337165951
ess_per_sec,rho_true,"(0.3, 0.2, -0.05)"
