family,n,rho,method,param,grad,truth,abserr,relerr,setup_s,eval_s
rook,2500,0.0,chol_cheb,,-0.18927151999229688,-2.327027459614328e-13,0.18927151999206418,153541898573.8074,0.053556500002741814,2.5417000870220363e-05
rook,2500,0.3,chol_cheb,,-202.6972659494866,-202.70105101551363,0.0037850660270351,1.8673144554861698e-05,0.053556500002741814,1.5458004781976342e-05
rook,2500,0.6,chol_cheb,,-491.4628413591914,-491.46427083108523,0.001429471893857226,2.9085977937723335e-06,0.053556500002741814,1.2374992365948856e-05
rook,2500,0.8,chol_cheb,,-876.0198864692585,-876.0526134691564,0.03272699989793182,3.735734520365542e-05,0.053556500002741814,1.1708005331456661e-05
rook,2500,0.9,chol_cheb,,-1315.9658084771506,-1315.927322075169,0.03848640198157227,2.92466014923078e-05,0.053556500002741814,1.1374999303370714e-05
rook,2500,0.95,chol_cheb,,-1816.3643980864344,-1816.2789818952579,0.08541619117659138,4.702812289743116e-05,0.053556500002741814,1.1540993000380695e-05
rook,2500,0.99,chol_cheb,,-3213.003380892564,-3224.794833139678,11.791452247113739,0.0036564968803406055,0.053556500002741814,1.0666000889614224e-05
rook,2500,0.0,jax_grad_chol_cheb,,-0.18927151999231298,-2.327027459614328e-13,0.18927151999208028,153541898573.82047,0.05367441700946074,0.022638166992692277
rook,2500,0.3,jax_grad_chol_cheb,,-202.6972659494866,-202.70105101551363,0.0037850660270351,1.8673144554861698e-05,0.05367441700946074,0.02253799999016337
rook,2500,0.6,jax_grad_chol_cheb,,-491.4628413591914,-491.46427083108523,0.001429471893857226,2.9085977937723335e-06,0.05367441700946074,0.022210832990822382
rook,2500,0.8,jax_grad_chol_cheb,,-876.0198864692585,-876.0526134691564,0.03272699989793182,3.735734520365542e-05,0.05367441700946074,0.021093375005875714
rook,2500,0.9,jax_grad_chol_cheb,,-1315.9658084771506,-1315.927322075169,0.03848640198157227,2.92466014923078e-05,0.05367441700946074,0.02212662500096485
rook,2500,0.95,jax_grad_chol_cheb,,-1816.3643980864351,-1816.2789818952579,0.0854161911772735,4.702812289780672e-05,0.05367441700946074,0.021586542003205977
rook,2500,0.99,jax_grad_chol_cheb,,-3213.0033808925646,-3224.794833139678,11.791452247113284,0.0036564968803404646,0.05367441700946074,0.02285187499364838
rook,2500,0.0,slq,p=10,-8.633273581202005,-2.327027459614328e-13,8.633273581201772,7003532367787.78,0.04998075000185054,1.5458004781976342e-05
rook,2500,0.3,slq,p=10,-214.55479636447518,-202.70105101551363,11.853745348961553,0.058478953560306274,0.04998075000185054,8.291011909022927e-06
rook,2500,0.6,slq,p=10,-509.84295868638554,-491.46427083108523,18.378687855300313,0.037395776145071946,0.04998075000185054,4.750007065013051e-06
rook,2500,0.8,slq,p=10,-905.534415110446,-876.0526134691564,29.48180164128962,0.033653003470353285,0.04998075000185054,4.0829909266904e-06
rook,2500,0.9,slq,p=10,-1360.2177874590247,-1315.927322075169,44.29046538385569,0.03365722759978205,0.04998075000185054,3.8330035749822855e-06
rook,2500,0.95,slq,p=10,-1878.0117297837344,-1816.2789818952579,61.732747888476524,0.03398858242804713,0.04998075000185054,3.6660057958215475e-06
rook,2500,0.99,slq,p=10,-3323.875561994487,-3224.794833139678,99.08072885480897,0.030724661251811607,0.04998075000185054,3.6669953260570765e-06
rook,2500,0.0,slq,p=30,-6.276627136564256,-2.327027459614328e-13,6.276627136564024,5091760488996.59,0.07334850000916049,1.8165999790653586e-05
rook,2500,0.3,slq,p=30,-210.09577360935754,-202.70105101551363,7.394722593843909,0.03648092872137067,0.07334850000916049,7.167007424868643e-06
rook,2500,0.6,slq,p=30,-501.3913970053114,-491.46427083108523,9.927126174226146,0.02019908010289124,0.07334850000916049,5.541995051316917e-06
rook,2500,0.8,slq,p=30,-889.7369368974109,-876.0526134691564,13.684323428254515,0.015620435596972612,0.07334850000916049,4.792003892362118e-06
rook,2500,0.9,slq,p=30,-1332.3066178082577,-1315.927322075169,16.37929573308861,0.012446960754078008,0.07334850000916049,4.5000051613897085e-06
rook,2500,0.95,slq,p=30,-1831.2616598955426,-1816.2789818952579,14.98267800028475,0.008249106084270468,0.07334850000916049,4.417001036927104e-06
rook,2500,0.99,slq,p=30,-3196.115834596602,-3224.794833139678,28.678998543075977,0.00889327849584587,0.07334850000916049,4.375004209578037e-06
rook,2500,0.0,slq,p=50,1.0469173314531672,-2.327027459614328e-13,1.0469173314534,849286119369.247,0.09576454199850559,2.170800871681422e-05
rook,2500,0.3,slq,p=50,-201.14740635684436,-202.70105101551363,1.5536446586692705,0.007664709437300132,0.09576454199850559,6.7920045694336295e-06
rook,2500,0.6,slq,p=50,-489.5645785885509,-491.46427083108523,1.8996922425343428,0.0038653720225111893,0.09576454199850559,6.000002031214535e-06
rook,2500,0.8,slq,p=50,-874.6687004374694,-876.0526134691564,1.3839130316870296,0.001579714517609566,0.09576454199850559,5.333000444807112e-06
rook,2500,0.9,slq,p=50,-1317.1232311371086,-1315.927322075169,1.1959090619395738,0.0009087956772974881,0.09576454199850559,5.041991244070232e-06
rook,2500,0.95,slq,p=50,-1823.832587708931,-1816.2789818952579,7.55360581367313,0.004158835668401041,0.09576454199850559,4.832996637560427e-06
rook,2500,0.99,slq,p=50,-3273.2572830893264,-3224.794833139678,48.462449949648544,0.015028072313817628,0.09576454199850559,4.749992513097823e-06
rook,2500,0.0,slq,p=100,0.22692444419461025,-2.327027459614328e-13,0.22692444419484295,184086913847.0652,0.19391308299964294,2.6541005354374647e-05
rook,2500,0.3,slq,p=100,-201.28875564012338,-202.70105101551363,1.4122953753902436,0.006967380624396207,0.19391308299964294,1.0458010365255177e-05
rook,2500,0.6,slq,p=100,-487.86146575623417,-491.46427083108523,3.6028050748510623,0.007330756860022746,0.19391308299964294,1.1083990102633834e-05
rook,2500,0.8,slq,p=100,-868.6866753275182,-876.0526134691564,7.365938141638253,0.00840810018529507,0.19391308299964294,7.2499969974160194e-06
rook,2500,0.9,slq,p=100,-1303.3250535672698,-1315.927322075169,12.602268507899225,0.009576720762987049,0.19391308299964294,7.583992555737495e-06
rook,2500,0.95,slq,p=100,-1796.4302675785036,-1816.2789818952579,19.84871431675424,0.010928229922058788,0.19391308299964294,6.667003617621958e-06
rook,2500,0.99,slq,p=100,-3166.69481873425,-3224.794833139678,58.10001440542783,0.018016654519649337,0.19391308299964294,6.665999535471201e-06
rook,2500,0.0,cg,p=8,-8.243631434680273,-2.327027459614328e-13,8.24363143468004,6687444691502.258,0.0,0.0322722499986412
rook,2500,0.3,cg,p=8,-211.50381289329684,-202.70105101551363,8.802761877783212,0.043427312456852794,0.0,0.03443716699257493
rook,2500,0.6,cg,p=8,-502.3418579922991,-491.46427083108523,10.877587161213853,0.02213301720350781,0.0,0.03653454199957196
rook,2500,0.8,cg,p=8,-866.0918441883184,-876.0526134691564,9.960769280838008,0.011370058290669878,0.0,0.03753770800540224
rook,2500,0.9,cg,p=8,-1330.0884891626035,-1315.927322075169,14.161167087434478,0.01076135957501272,0.0,0.03954095800872892
rook,2500,0.95,cg,p=8,-1747.3663005028243,-1816.2789818952579,68.91268139243357,0.03794168301200307,0.0,0.04284887500398327
rook,2500,0.99,cg,p=8,-3485.8990104569566,-3224.794833139678,261.10417731727875,0.0809676865746731,0.0,0.054548792002606206
rook,2500,0.0,cg,p=32,11.090918467099806,-2.327027459614328e-13,11.090918467100039,8997236765664.703,0.0,0.03384762498899363
rook,2500,0.3,cg,p=32,-202.51773156473536,-202.70105101551363,0.18331945077827072,0.0009043833263806785,0.0,0.04029725000145845
rook,2500,0.6,cg,p=32,-487.7975242639066,-491.46427083108523,3.6667465671786204,0.007460860910556125,0.0,0.04639612500614021
rook,2500,0.8,cg,p=32,-871.629836798357,-876.0526134691564,4.422776670799408,0.005048528596113956,0.0,0.053384625003673136
rook,2500,0.9,cg,p=32,-1293.9077246097186,-1315.927322075169,22.019597465450488,0.016733141029951697,0.0,0.0627380830119364
rook,2500,0.95,cg,p=32,-1845.6760704151136,-1816.2789818952579,29.397088519855743,0.016185337612165913,0.0,0.07713408400013577
rook,2500,0.99,cg,p=32,-3242.1602549104805,-3224.794833139678,17.36542177080264,0.005384969484677438,0.0,0.12825262499973178
rook,2500,0.0,cg,p=128,-3.1942186653805367,-2.327027459614328e-13,3.194218665380304,2591231889314.085,0.0,0.03947379199962597
rook,2500,0.3,cg,p=128,-199.10454405975685,-202.70105101551363,3.59650695575678,0.017742912223388054,0.0,0.06714033299067523
rook,2500,0.6,cg,p=128,-493.0155098344023,-491.46427083108523,1.5512390033170504,0.0031563617039624095,0.0,0.09363616700284183
rook,2500,0.8,cg,p=128,-868.3865567891124,-876.0526134691564,7.666056680043994,0.008750680680794393,0.0,0.11868829200102482
rook,2500,0.9,cg,p=128,-1334.0668489155084,-1315.927322075169,18.139526840339386,0.013784596258503095,0.0,0.15887450000445824
rook,2500,0.95,cg,p=128,-1828.5586671059964,-1816.2789818952579,12.279685210738535,0.0067609025557983805,0.0,0.21090154199919198
rook,2500,0.99,cg,p=128,-3335.7319879607353,-3224.794833139678,110.93715482105745,0.03440130630358534,0.0,0.4119285420019878
rook,2500,0.9,cg_deflated,p=8,-1340.9534300400885,-1315.927322075169,25.026107964919447,0.019017849652558455,0.0,0.040139375007129274
rook,2500,0.95,cg_deflated,p=8,-1873.6923731754266,-1816.2789818952579,57.41339128016875,0.03161044743261785,0.0,0.0444288750004489
rook,2500,0.99,cg_deflated,p=8,-3189.0465501968606,-3224.794833139678,35.74828294281724,0.011085444126692707,0.0,0.05508725000254344
rook,2500,0.9,cg_deflated,p=32,-1309.4184978269052,-1315.927322075169,6.508824248263863,0.004946188242371685,0.0,0.06358875001023989
rook,2500,0.95,cg_deflated,p=32,-1833.5293651397196,-1816.2789818952579,17.250383244461773,0.009497650645310704,0.0,0.0753679580084281
rook,2500,0.99,cg_deflated,p=32,-3288.3940261312423,-3224.794833139678,63.59919299156445,0.01972193466014826,0.0,0.12259783399349544
rook,2500,0.9,cg_deflated,p=128,-1309.5954764184407,-1315.927322075169,6.331845656728319,0.0048116986025818105,0.0,0.15876879199640825
rook,2500,0.95,cg_deflated,p=128,-1800.0737178890142,-1816.2789818952579,16.205264006243624,0.008922232855072564,0.0,0.20880741700239014
rook,2500,0.99,cg_deflated,p=128,-3215.4552059980874,-3224.794833139678,9.339627141590427,0.002896192664913604,0.0,0.39017945900559425
rook,10000,0.0,chol_cheb,,-0.6155634928962177,0.0,0.6155634928962177,615563492896.2178,0.2822947090025991,2.6582987629808486e-05
rook,10000,0.3,chol_cheb,,-800.5913930647155,-800.6037060243898,0.012312959674318336,1.537959365122301e-05,0.2822947090025991,1.2916993000544608e-05
rook,10000,0.6,chol_cheb,,-1937.4375136719073,-1937.4421855468427,0.004671874935411324,2.4113622436133165e-06,0.2822947090025991,1.1500000255182385e-05
rook,10000,0.8,chol_cheb,,-3440.5045367523453,-3440.6108687119286,0.10633195958325814,3.09049653217732e-05,0.2822947090025991,1.1249998351559043e-05
rook,10000,0.9,chol_cheb,,-5140.819309542161,-5140.695087857239,0.12422168492230412,2.4164375205937877e-05,0.2822947090025991,1.1124997399747372e-05
rook,10000,0.95,chol_cheb,,-7044.552884091933,-7044.278868177116,0.2740159148170278,3.8899072558712634e-05,0.2822947090025991,1.1083000572398305e-05
rook,10000,0.99,chol_cheb,,-12133.530670118707,-12170.844404897707,37.31373477899979,0.0030658295790869077,0.2822947090025991,1.1000010999850929e-05
rook,10000,0.0,jax_grad_chol_cheb,,-0.6155634928961901,0.0,0.6155634928961901,615563492896.1901,0.2837286250141915,0.021941291997791268
rook,10000,0.3,jax_grad_chol_cheb,,-800.5913930647154,-800.6037060243898,0.012312959674432022,1.5379593651365014e-05,0.2837286250141915,0.022150709002744406
rook,10000,0.6,jax_grad_chol_cheb,,-1937.4375136719066,-1937.4421855468427,0.004671874936093445,2.4113622439653895e-06,0.2837286250141915,0.022091582999564707
rook,10000,0.8,jax_grad_chol_cheb,,-3440.5045367523453,-3440.6108687119286,0.10633195958325814,3.09049653217732e-05,0.2837286250141915,0.0211167499946896
rook,10000,0.9,jax_grad_chol_cheb,,-5140.819309542162,-5140.695087857239,0.12422168492321362,2.41643752061148e-05,0.2837286250141915,0.021301375003531575
rook,10000,0.95,jax_grad_chol_cheb,,-7044.552884091931,-7044.278868177116,0.2740159148152088,3.889907255845441e-05,0.2837286250141915,0.021230541009572335
rook,10000,0.99,jax_grad_chol_cheb,,-12133.530670118706,-12170.844404897707,37.31373477900161,0.003065829579087057,0.2837286250141915,0.021881832988583483
rook,10000,0.0,slq,p=10,-19.762433804914394,0.0,19.762433804914394,19762433804914.395,0.20313791699300054,2.374999166931957e-05
rook,10000,0.3,slq,p=10,-826.5410800890077,-800.6037060243898,25.93737406461787,0.03239726954727296,0.20313791699300054,4.916000762023032e-06
rook,10000,0.6,slq,p=10,-1975.6705072052496,-1937.4421855468427,38.22832165840691,0.019731335439884087,0.20313791699300054,1.4958000974729657e-05
rook,10000,0.8,slq,p=10,-3501.1412191942377,-3440.6108687119286,60.53035048230913,0.01759290800152882,0.20313791699300054,3.999986802227795e-06
rook,10000,0.9,slq,p=10,-5235.980364911347,-5140.695087857239,95.28527705410852,0.018535485070721364,0.20313791699300054,3.5410048440098763e-06
rook,10000,0.95,slq,p=10,-7190.602233310763,-7044.278868177116,146.3233651336468,0.020771943852857664,0.20313791699300054,3.540990292094648e-06
rook,10000,0.99,slq,p=10,-12482.627156086075,-12170.844404897707,311.7827511883679,0.025617183230351906,0.20313791699300054,3.4580007195472717e-06
rook,10000,0.0,slq,p=30,8.690238167148784,0.0,8.690238167148784,8690238167148.785,0.3744479579909239,4.3207997805438936e-05
rook,10000,0.3,slq,p=30,-793.2506689241638,-800.6037060243898,7.353037100225947,0.009184365554263288,0.3744479579909239,8.542003342881799e-06
rook,10000,0.6,slq,p=30,-1931.609310513763,-1937.4421855468427,5.832875033079745,0.003010605981738451,0.3744479579909239,6.250003934837878e-06
rook,10000,0.8,slq,p=30,-3436.3229426397475,-3440.6108687119286,4.287926072181108,0.0012462688271941635,0.3744479579909239,4.6670029405504465e-06
rook,10000,0.9,slq,p=30,-5137.234503942112,-5140.695087857239,3.460583915127245,0.0006731743190335173,0.3744479579909239,4.7909998102113605e-06
rook,10000,0.95,slq,p=30,-7041.34861349336,-7044.278868177116,2.930254683756175,0.00041597653054221734,0.3744479579909239,4.417001036927104e-06
rook,10000,0.99,slq,p=30,-12174.910552137113,-12170.844404897707,4.0661472394058364,0.00033408916457510255,0.3744479579909239,4.375004209578037e-06
rook,10000,0.0,slq,p=50,-4.934005051841054,0.0,4.934005051841054,4934005051841.054,0.5032680830045138,2.7417001547291875e-05
rook,10000,0.3,slq,p=50,-809.1605059622793,-800.6037060243898,8.556799937889537,0.010687934459335177,0.5032680830045138,7.374997949227691e-06
rook,10000,0.6,slq,p=50,-1952.3746640592756,-1937.4421855468427,14.932478512432908,0.007707315667960545,0.5032680830045138,5.708003300242126e-06
rook,10000,0.8,slq,p=50,-3465.0998551868397,-3440.6108687119286,24.488986474911144,0.007117627482261355,0.5032680830045138,5.292007699608803e-06
rook,10000,0.9,slq,p=50,-5176.39049007166,-5140.695087857239,35.69540221442094,0.006943691777934179,0.5032680830045138,4.958012141287327e-06
rook,10000,0.95,slq,p=50,-7093.20872802634,-7044.278868177116,48.92985984922416,0.006946042421782484,0.5032680830045138,5.207999492995441e-06
rook,10000,0.99,slq,p=50,-12259.556044205265,-12170.844404897707,88.71163930755756,0.0072888647949405075,0.5032680830045138,4.707995685748756e-06
rook,10000,0.0,slq,p=100,10.20013074571503,0.0,10.20013074571503,10200130745715.031,0.8306422919995384,4.633299249690026e-05
rook,10000,0.3,slq,p=100,-788.8714276741197,-800.6037060243898,11.732278350270121,0.014654289334394726,0.8306422919995384,8.957998943515122e-06
rook,10000,0.6,slq,p=100,-1920.8943424225236,-1937.4421855468427,16.547843124319115,0.008541077121043735,0.8306422919995384,8.25000461190939e-06
rook,10000,0.8,slq,p=100,-3414.767945974712,-3440.6108687119286,25.842922737216668,0.007511143725152374,0.8306422919995384,7.042006473056972e-06
rook,10000,0.9,slq,p=100,-5101.916760181115,-5140.695087857239,38.77832767612381,0.007543401624368177,0.8306422919995384,6.874994141981006e-06
rook,10000,0.95,slq,p=100,-6988.278813285809,-7044.278868177116,56.00005489130763,0.007949721460388328,0.8306422919995384,8.458999218419194e-06
rook,10000,0.99,slq,p=100,-12031.878063324812,-12170.844404897707,138.96634157289554,0.011417970434078809,0.8306422919995384,6.499991286545992e-06
rook,10000,0.0,cg,p=8,-2.6035471189868256,0.0,2.6035471189868256,2603547118986.8257,0.0,0.13245083299989346
rook,10000,0.3,cg,p=8,-809.0784420960466,-800.6037060243898,8.474736071656821,0.010585431978250964,0.0,0.13265850000607315
rook,10000,0.6,cg,p=8,-1922.322678361023,-1937.4421855468427,15.119507185819657,0.007803849476701764,0.0,0.13875304200337268
rook,10000,0.8,cg,p=8,-3486.0236119333617,-3440.6108687119286,45.412743221433175,0.013199034983701735,0.0,0.14819129199895542
rook,10000,0.9,cg,p=8,-5136.972253691636,-5140.695087857239,3.7228341656027624,0.0007241888697885261,0.0,0.1671758750017034
rook,10000,0.95,cg,p=8,-7003.489626391829,-7044.278868177116,40.78924178528723,0.005790407016615239,0.0,0.1657989999948768
rook,10000,0.99,cg,p=8,-11708.837838451018,-12170.844404897707,462.00656644668925,0.0379601078673532,0.0,0.23649858300632332
rook,10000,0.0,cg,p=32,7.718124796277056,0.0,7.718124796277056,7718124796277.057,0.0,0.13338816599571146
rook,10000,0.3,cg,p=32,-809.2302372715767,-800.6037060243898,8.626531247186904,0.010775032868663853,0.0,0.17037312500178814
rook,10000,0.6,cg,p=32,-1924.368291762566,-1937.4421855468427,13.073893784276606,0.006748017505661206,0.0,0.16673158400226384
rook,10000,0.8,cg,p=32,-3450.18224488719,-3440.6108687119286,9.571376175261321,0.002781882793634429,0.0,0.20847991600749083
rook,10000,0.9,cg,p=32,-5130.801707233523,-5140.695087857239,9.89338062371553,0.0019245219672889252,0.0,0.2526053750043502
rook,10000,0.95,cg,p=32,-7081.834564834606,-7044.278868177116,37.555696657489534,0.005331375625566057,0.0,0.2720702920050826
rook,10000,0.99,cg,p=32,-11985.980457055755,-12170.844404897707,184.8639478419518,0.015189081520716846,0.0,0.4684752499888418
rook,10000,0.0,cg,p=128,-12.422873601440525,0.0,12.422873601440525,12422873601440.525,0.0,0.14998645900050178
rook,10000,0.3,cg,p=128,-802.0005825624295,-800.6037060243898,1.3968765380396917,0.0017447790055535105,0.0,0.25135016698914114
rook,10000,0.6,cg,p=128,-1932.6366405421313,-1937.4421855468427,4.805545004711348,0.0024803553058565108,0.0,0.3469408749951981
rook,10000,0.8,cg,p=128,-3463.4549253867976,-3440.6108687119286,22.84405667486908,0.006639535113548389,0.0,0.4591676669951994
rook,10000,0.9,cg,p=128,-5164.307927076603,-5140.695087857239,23.612839219364105,0.00459331643207932,0.0,0.5713034169893945
rook,10000,0.95,cg,p=128,-7099.540515792148,-7044.278868177116,55.26164761503151,0.007844897774373864,0.0,0.7528354170062812
rook,10000,0.99,cg,p=128,-12192.486981113303,-12170.844404897707,21.64257621559591,0.0017782312792435871,0.0,1.6742257080040872
rook,10000,0.9,cg_deflated,p=8,-5068.492062416403,-5140.695087857239,72.20302544083552,0.014045381841725105,0.0,0.1597309169883374
rook,10000,0.95,cg_deflated,p=8,-7049.630936341967,-7044.278868177116,5.352068164850607,0.0007597751686164559,0.0,0.15946454199729487
rook,10000,0.99,cg_deflated,p=8,-12149.801734357765,-12170.844404897707,21.042670539942264,0.001728940888561061,0.0,0.2160059580055531
rook,10000,0.9,cg_deflated,p=32,-5070.068664706533,-5140.695087857239,70.6264231507057,0.013738691352757206,0.0,0.22437687500496395
rook,10000,0.95,cg_deflated,p=32,-7119.570954547346,-7044.278868177116,75.29208637023021,0.010688402287758081,0.0,0.3645744170062244
rook,10000,0.99,cg_deflated,p=32,-12126.115617163325,-12170.844404897707,44.72878773438242,0.0036750767856651725,0.0,0.5167963329877239
rook,10000,0.9,cg_deflated,p=128,-5124.109945383305,-5140.695087857239,16.585142473933956,0.003226245126482891,0.0,0.7336929160082946
rook,10000,0.95,cg_deflated,p=128,-7067.086726298324,-7044.278868177116,22.807858121207573,0.003237784668668246,0.0,0.9339790830126731
rook,10000,0.99,cg_deflated,p=128,-12173.097555704577,-12170.844404897707,2.2531508068695985,0.00018512690918658862,0.0,1.4269466669938993
knn,2500,0.0,aaa,,1.5014727235570482e-08,-0.0,1.5014727235570482e-08,15014.727235570483,0.038516750006238,1.3542012311518192e-05
knn,2500,0.3,aaa,,-96.36655839037675,-96.36655839278578,2.4090240913210437e-09,2.49985485784596e-11,0.038516750006238,9.750001481734216e-06
knn,2500,0.6,aaa,,-272.7668097942396,-272.7668097796183,1.4621264199377038e-08,5.360353120377886e-11,0.038516750006238,8.208997314795852e-06
knn,2500,0.8,aaa,,-559.9794044685121,-559.9794045068006,3.828847638942534e-08,6.837479393219413e-11,0.038516750006238,7.666007149964571e-06
knn,2500,0.9,aaa,,-953.6222455980275,-953.6222455610964,3.6931055547029246e-08,3.872713301198165e-11,0.038516750006238,7.375012501142919e-06
knn,2500,0.95,aaa,,-1484.6151531363855,-1484.61515627244,3.136054374408559e-06,2.1123685563621333e-09,0.038516750006238,7.458002073690295e-06
knn,2500,0.99,aaa,,-3400.5624628018054,-3400.71949890385,0.15703610204445795,4.617731691633937e-05,0.038516750006238,7.458002073690295e-06
knn,2500,0.0,jax_grad_aaa,,1.5014682080982666e-08,-0.0,1.5014682080982666e-08,15014.682080982666,0.037084499999764375,0.16369174999999814
knn,2500,0.3,jax_grad_aaa,,-96.36655839037672,-96.36655839278578,2.409052513030474e-09,2.4998843511784027e-11,0.037084499999764375,0.002303915985976346
knn,2500,0.6,jax_grad_aaa,,-272.76680979423975,-272.7668097796183,1.462143472963362e-08,5.360415639075348e-11,0.037084499999764375,0.0018882500007748604
knn,2500,0.8,jax_grad_aaa,,-559.9794044685123,-559.9794045068006,3.828836270258762e-08,6.837459091251731e-11,0.037084499999764375,0.0016992089949781075
knn,2500,0.9,jax_grad_aaa,,-953.6222455980317,-953.6222455610964,3.6935261960024945e-08,3.8731543996535837e-11,0.037084499999764375,0.001687208001385443
knn,2500,0.95,jax_grad_aaa,,-1484.6151531363832,-1484.61515627244,3.1360566481453134e-06,2.1123700878948977e-09,0.037084499999764375,0.0016596249915892258
knn,2500,0.99,jax_grad_aaa,,-3400.5624628018822,-3400.71949890385,0.15703610196760565,4.617731689374054e-05,0.037084499999764375,0.0018405000009806827
knn,2500,0.0,slq,p=10,-5.265648677056172,-0.0,5.265648677056172,5265648677056.172,0.03628858299634885,2.6541994884610176e-05
knn,2500,0.3,slq,p=10,-102.97592243054244,-96.36655839278578,6.609364037756663,0.06858566029531867,0.03628858299634885,8.000002708286047e-06
knn,2500,0.6,slq,p=10,-282.32816147739567,-272.7668097796183,9.561351697777354,0.03505320792328951,0.03628858299634885,5.207999492995441e-06
knn,2500,0.8,slq,p=10,-574.423428372918,-559.9794045068006,14.44402386611739,0.025793848398476146,0.03628858299634885,4.874993464909494e-06
knn,2500,0.9,slq,p=10,-973.2323793010522,-953.6222455610964,19.610133739955813,0.020563838386988862,0.03628858299634885,4.5000051613897085e-06
knn,2500,0.95,slq,p=10,-1507.530870759371,-1484.61515627244,22.915714486931165,0.015435457727959444,0.03628858299634885,4.417001036927104e-06
knn,2500,0.99,slq,p=10,-3434.035753432871,-3400.71949890385,33.31625452902108,0.009796825212946808,0.03628858299634885,4.415996954776347e-06
knn,2500,0.0,slq,p=30,-1.498386306242573,-0.0,1.498386306242573,1498386306242.573,0.10739150000154041,1.979200169444084e-05
knn,2500,0.3,slq,p=30,-98.11156053803798,-96.36655839278578,1.7450021452522009,0.018107963741318147,0.10739150000154041,8.458009688183665e-06
knn,2500,0.6,slq,p=30,-274.8665275175999,-272.7668097796183,2.099717737981564,0.007697849088303746,0.10739150000154041,7.042006473056972e-06
knn,2500,0.8,slq,p=30,-561.9197973418125,-559.9794045068006,1.940392835011835,0.003465114644208788,0.10739150000154041,6.832997314631939e-06
knn,2500,0.9,slq,p=30,-953.9127730577264,-953.6222455610964,0.29052749663003397,0.00030465679463999063,0.10739150000154041,6.375004886649549e-06
knn,2500,0.95,slq,p=30,-1481.5956498552719,-1484.61515627244,3.0195064171680315,0.0020338647388925915,0.10739150000154041,6.2920007621869445e-06
knn,2500,0.99,slq,p=30,-3395.524299887034,-3400.71949890385,5.195199016815877,0.0015276764280295503,0.10739150000154041,6.375004886649549e-06
knn,2500,0.0,slq,p=50,1.5645563321402687,-0.0,1.5645563321402687,1564556332140.2688,0.17820420900534373,2.5125002139247954e-05
knn,2500,0.3,slq,p=50,-94.36895357544543,-96.36655839278578,1.9976048173403456,0.02072923274065861,0.17820420900534373,1.0083997040055692e-05
knn,2500,0.6,slq,p=50,-269.53763626150766,-272.7668097796183,3.229173518110656,0.011838586669395927,0.17820420900534373,8.874994819052517e-06
knn,2500,0.8,slq,p=50,-553.4328359255042,-559.9794045068006,6.546568581296469,0.011690730995834247,0.17820420900534373,8.165996405296028e-06
knn,2500,0.9,slq,p=50,-940.2408642543046,-953.6222455610964,13.381381306791809,0.014032161444512444,0.17820420900534373,8.500006515532732e-06
knn,2500,0.95,slq,p=50,-1459.6381979692974,-1484.61515627244,24.97695830314251,0.01682386051200935,0.17820420900534373,8.249990059994161e-06
knn,2500,0.99,slq,p=50,-3339.2194907832045,-3400.71949890385,61.50000812064536,0.018084410707930654,0.17820420900534373,1.0167001164518297e-05
knn,2500,0.0,slq,p=100,1.2435523111492877,-0.0,1.2435523111492877,1243552311149.2876,0.35695262500667013,2.7542002499103546e-05
knn,2500,0.3,slq,p=100,-94.36390135364297,-96.36655839278578,2.002657039142804,0.020781659867731738,0.35695262500667013,0.0005574579990934581
knn,2500,0.6,slq,p=100,-268.80305701116833,-272.7668097796183,3.9637527684499787,0.014531653508916552,0.35695262500667013,2.099999983329326e-05
knn,2500,0.8,slq,p=100,-551.6778628437411,-559.9794045068006,8.301541663059538,0.014824726760033378,0.35695262500667013,0.00016637500084470958
knn,2500,0.9,slq,p=100,-938.0618522765342,-953.6222455610964,15.560393284562224,0.01631714586880963,0.35695262500667013,1.3167009456083179e-05
knn,2500,0.95,slq,p=100,-1458.6607157121427,-1484.61515627244,25.954440560297144,0.017482268351256318,0.35695262500667013,0.00019287499890197068
knn,2500,0.99,slq,p=100,-3350.6853776010616,-3400.71949890385,50.03412130278821,0.014712804545895549,0.35695262500667013,1.3791999663226306e-05
knn,2500,0.0,cg,p=8,8.375,-0.0,8.375,8375000000000.0,0.0,0.000981958000920713
knn,2500,0.3,cg,p=8,-85.1868274710906,-96.36655839278578,11.179730921695182,0.11601255776020332,0.0,0.00323016699985601
knn,2500,0.6,cg,p=8,-282.4253483199593,-272.7668097796183,9.658538540340999,0.03540950802681811,0.0,0.004213958993204869
knn,2500,0.8,cg,p=8,-559.4103678308795,-559.9794045068006,0.5690366759210974,0.001016174293806882,0.0,0.006900541004142724
knn,2500,0.9,cg,p=8,-893.895168478055,-953.6222455610964,59.72707708304142,0.06263179929060786,0.0,0.009030750006786548
knn,2500,0.95,cg,p=8,-1403.5311765884453,-1484.61515627244,81.08397968399458,0.054616160519053006,0.0,0.013431667000986636
knn,2500,0.99,cg,p=8,-3296.667494225988,-3400.71949890385,104.05200467786199,0.03059705592049004,0.0,0.028906792009365745
knn,2500,0.0,cg,p=32,-2.765625,-0.0,2.765625,2765625000000.0,0.0,0.0026738750020740554
knn,2500,0.3,cg,p=32,-89.15220155777699,-96.36655839278578,7.214356835008786,0.0748636970680567,0.0,0.010106332993018441
knn,2500,0.6,cg,p=32,-274.9266617154662,-272.7668097796183,2.1598519358478825,0.007918309187224519,0.0,0.01676870799565222
knn,2500,0.8,cg,p=32,-568.0777196698514,-559.9794045068006,8.098315163050756,0.014461808948461769,0.0,0.02631683299841825
knn,2500,0.9,cg,p=32,-953.3048150659058,-953.6222455610964,0.3174304951905924,0.0003328681736066475,0.0,0.03652362499269657
knn,2500,0.95,cg,p=32,-1494.2137437374008,-1484.61515627244,9.598587464960929,0.0064653707894650496,0.0,0.051367459003813565
knn,2500,0.99,cg,p=32,-3456.6956139630865,-3400.71949890385,55.97611505923669,0.01646008001462026,0.0,0.11692870799743105
knn,2500,0.0,cg,p=128,1.482421875,-0.0,1.482421875,1482421875000.0,0.0,0.008069207993685268
knn,2500,0.3,cg,p=128,-95.33907241736715,-96.36655839278578,1.027485975418628,0.010662266999622739,0.0,0.03993349999655038
knn,2500,0.6,cg,p=128,-274.1569785425071,-272.7668097796183,1.390168762888777,0.005096546621680099,0.0,0.06732787500368431
knn,2500,0.8,cg,p=128,-568.1216268003208,-559.9794045068006,8.142222293520149,0.014540217422266377,0.0,0.10915054100041743
knn,2500,0.9,cg,p=128,-938.718230696038,-953.6222455610964,14.904014865058457,0.015628845629842823,0.0,0.14770916699490044
knn,2500,0.95,cg,p=128,-1502.5824908584473,-1484.61515627244,17.967334586007382,0.012102351582560705,0.0,0.20656729099573568
knn,2500,0.99,cg,p=128,-3355.244805580632,-3400.71949890385,45.47469332321771,0.013372080037143758,0.0,0.4616904160066042
knn,10000,0.0,aaa,,5.7321956328943665e-08,-1.9272483625306185e-06,1.9845703188595624e-06,1.029742366215484,0.2740203749999637,1.4749995898455381e-05
knn,10000,0.3,aaa,,-388.33381464380443,-388.3338196790831,5.035278661580378e-06,1.2966366580540142e-08,0.2740203749999637,9.583003702573478e-06
knn,10000,0.6,aaa,,-1091.2164361917567,-1091.216456657662,2.046590543614002e-05,1.8755129022546068e-08,0.2740203749999637,8.040995453484356e-06
knn,10000,0.8,aaa,,-2215.6148179830448,-2215.614929477283,0.00011149423835377092,5.03220288283917e-08,0.2740203749999637,7.666007149964571e-06
knn,10000,0.9,aaa,,-3722.923977365987,-3722.924560494789,0.0005831288021909131,1.5663191469918295e-07,0.2740203749999637,7.5830030255019665e-06
knn,10000,0.95,aaa,,-5709.429558313028,-5709.432510728902,0.002952415874460712,5.171119667169491e-07,0.2740203749999637,7.499998901039362e-06
knn,10000,0.99,aaa,,-12524.192292400125,-12524.801711301734,0.6094189016093878,4.865697003885336e-05,0.2740203749999637,7.499998901039362e-06
knn,10000,0.0,jax_grad_aaa,,5.732189589657821e-08,-1.9272483625306185e-06,1.9845702584271968e-06,1.0297423348586878,0.27938999999605585,0.002637249999679625
knn,10000,0.3,jax_grad_aaa,,-388.33381464380494,-388.3338196790831,5.035278149989608e-06,1.2966365263140667e-08,0.27938999999605585,0.0017682499892544001
knn,10000,0.6,jax_grad_aaa,,-1091.2164361917573,-1091.216456657662,2.0465904754018993e-05,1.8755128397444584e-08,0.27938999999605585,0.0019834999984595925
knn,10000,0.8,jax_grad_aaa,,-2215.6148179830448,-2215.614929477283,0.00011149423835377092,5.03220288283917e-08,0.27938999999605585,0.002198625006712973
knn,10000,0.9,jax_grad_aaa,,-3722.923977365997,-3722.924560494789,0.0005831287921864714,1.5663191201192953e-07,0.27938999999605585,0.001969083008589223
knn,10000,0.95,jax_grad_aaa,,-5709.429558312984,-5709.432510728902,0.0029524159181164578,5.171119743631987e-07,0.27938999999605585,0.0018380000110482797
knn,10000,0.99,jax_grad_aaa,,-12524.192292401105,-12524.801711301734,0.6094189006289525,4.865696996057385e-05,0.27938999999605585,0.0017174160020658746
knn,10000,0.0,slq,p=10,8.938214456701838,-1.9272483625306185e-06,8.9382163839502,4637810.009294113,0.16216895800607745,2.0334002329036593e-05
knn,10000,0.3,slq,p=10,-374.68886637233675,-388.3338196790831,13.644953306746345,0.03513717481012193,0.16216895800607745,6.542002665810287e-06
knn,10000,0.6,slq,p=10,-1068.4966442323498,-1091.216456657662,22.719812425312284,0.02082062847081856,0.16216895800607745,5.249996320344508e-06
knn,10000,0.8,slq,p=10,-2177.684257123707,-2215.614929477283,37.93067235357603,0.017119704263107115,0.16216895800607745,4.916990292258561e-06
knn,10000,0.9,slq,p=10,-3662.7735155041023,-3722.924560494789,60.15104499068684,0.016156933618523966,0.16216895800607745,4.540997906588018e-06
knn,10000,0.95,slq,p=10,-5615.528099951276,-5709.432510728902,93.90441077762625,0.016447240702322938,0.16216895800607745,4.374989657662809e-06
knn,10000,0.99,slq,p=10,-12320.609870876151,-12524.801711301734,204.191840425583,0.0163029998503953,0.16216895800607745,4.3330073822289705e-06
knn,10000,0.0,slq,p=30,-0.5236550257172363,-1.9272483625306185e-06,0.5236530984688738,271710.09037526895,0.41266625000571366,2.4665991077199578e-05
knn,10000,0.3,slq,p=30,-388.38161998386994,-388.3338196790831,0.04780030478684694,0.00012309075945625522,0.41266625000571366,8.083006832748652e-06
knn,10000,0.6,slq,p=30,-1092.3615301674897,-1091.216456657662,1.1450735098276255,0.0010493550595222177,0.41266625000571366,6.875008693896234e-06
knn,10000,0.8,slq,p=30,-2222.726295526148,-2215.614929477283,7.111366048864966,0.003209657939316515,0.41266625000571366,6.250003934837878e-06
knn,10000,0.9,slq,p=30,-3743.7395692329487,-3722.924560494789,20.815008738159577,0.005591036938818118,0.41266625000571366,6.082991603761911e-06
knn,10000,0.95,slq,p=30,-5755.724605795627,-5709.432510728902,46.29209506672487,0.008108002849623827,0.41266625000571366,6.207992555573583e-06
knn,10000,0.99,slq,p=30,-12729.809619452444,-12524.801711301734,205.00790815071014,0.016368155989704935,0.41266625000571366,6.000002031214535e-06
knn,10000,0.0,slq,p=50,10.106601429311405,-1.9272483625306185e-06,10.106603356559768,5244055.882467157,0.7388121250114636,2.2082997020334005e-05
knn,10000,0.3,slq,p=50,-375.36030246070675,-388.3338196790831,12.973517218376344,0.03340815700547934,0.7388121250114636,1.2707998394034803e-05
knn,10000,0.6,slq,p=50,-1073.0359242054694,-1091.216456657662,18.180532452192665,0.01666079387024519,0.7388121250114636,1.11250119516626e-05
knn,10000,0.8,slq,p=50,-2189.782651424558,-2215.614929477283,25.832278052725087,0.011659191183920906,0.7388121250114636,1.0916002793237567e-05
knn,10000,0.9,slq,p=50,-3689.0550643613865,-3722.924560494789,33.86949613340266,0.0090975510201854,0.7388121250114636,1.1916999937966466e-05
knn,10000,0.95,slq,p=50,-5671.316017358056,-5709.432510728902,38.116493370846,0.006676056385502278,0.7388121250114636,8.709001122042537e-06
knn,10000,0.99,slq,p=50,-12580.406398308896,-12524.801711301734,55.60468700716228,0.004439566253331378,0.7388121250114636,7.624999852851033e-06
knn,10000,0.0,slq,p=100,5.19236667453434,-1.9272483625306185e-06,5.192368601782703,2694186.181991907,1.394073458010098,2.416700590401888e-05
knn,10000,0.3,slq,p=100,-381.2311704874805,-388.3338196790831,7.102649191602609,0.01829006084886498,1.394073458010098,1.358399458695203e-05
knn,10000,0.6,slq,p=100,-1080.4341728792087,-1091.216456657662,10.782283778453348,0.009880976146088283,1.394073458010098,1.1541007552295923e-05
knn,10000,0.8,slq,p=100,-2198.453320357594,-2215.614929477283,17.161609119689274,0.0077457544139847906,1.394073458010098,1.1208001524209976e-05
knn,10000,0.9,slq,p=100,-3696.6988339374966,-3722.924560494789,26.225726557292546,0.007044388391745185,1.394073458010098,1.09999964479357e-05
knn,10000,0.95,slq,p=100,-5672.28811613671,-5709.432510728902,37.14439459219193,0.00650579449400477,1.394073458010098,1.0832998668774962e-05
knn,10000,0.99,slq,p=100,-12504.74615885984,-12524.801711301734,20.05555244189418,0.0016012670622798828,1.394073458010098,1.0959003702737391e-05
knn,10000,0.0,cg,p=8,10.59375,-1.9272483625306185e-06,10.593751927248363,5496824.7146482365,0.0,0.001530541994725354
knn,10000,0.3,cg,p=8,-383.60574554398477,-388.3338196790831,4.728074135098325,0.012175282953736984,0.0,0.007289667002623901
knn,10000,0.6,cg,p=8,-1109.0708439374473,-1091.216456657662,17.854387279785215,0.016361911672842837,0.0,0.012203666992718354
knn,10000,0.8,cg,p=8,-2267.26836171155,-2215.614929477283,51.6534322342668,0.023313361697943184,0.0,0.020760915998835117
knn,10000,0.9,cg,p=8,-3775.79535621715,-3722.924560494789,52.87079572236098,0.014201414738131106,0.0,0.028768667005351745
knn,10000,0.95,cg,p=8,-5538.536668521755,-5709.432510728902,170.89584220714733,0.02993219411666706,0.0,0.03738125000381842
knn,10000,0.99,cg,p=8,-12444.711193695759,-12524.801711301734,80.09051760597504,0.0063945537384201044,0.0,0.08260991600400303
knn,10000,0.0,cg,p=32,-1.25,-1.9272483625306185e-06,1.2499980727516375,648591.7686906375,0.0,0.005572499998379499
knn,10000,0.3,cg,p=32,-385.82245287237913,-388.3338196790831,2.511366806703961,0.006467030887959576,0.0,0.027860125002916902
knn,10000,0.6,cg,p=32,-1094.8342962388851,-1091.216456657662,3.617839581223052,0.0033154188237815795,0.0,0.05055458299466409
knn,10000,0.8,cg,p=32,-2214.241811055525,-2215.614929477283,1.3731184217581358,0.0006197459691617473,0.0,0.07940404200053308
knn,10000,0.9,cg,p=32,-3760.6798009318836,-3722.924560494789,37.75524043709447,0.010141285385615406,0.0,0.11409729199658614
knn,10000,0.95,cg,p=32,-5770.879534220372,-5709.432510728902,61.447023491469736,0.01076236970592109,0.0,0.1539409159886418
knn,10000,0.99,cg,p=32,-12470.011490599485,-12524.801711301734,54.79022070224892,0.004374537973947248,0.0,0.3395045830111485
knn,10000,0.0,cg,p=128,2.4140625,-1.9272483625306185e-06,2.4140644272483627,1252595.784532273,0.0,0.029648042007465847
knn,10000,0.3,cg,p=128,-384.65470256726303,-388.3338196790831,3.6791171118200623,0.009474109452688036,0.0,0.1229081670026062
knn,10000,0.6,cg,p=128,-1085.222132513833,-1091.216456657662,5.99432414382909,0.0054932493981894115,0.0,0.20351920901157428
knn,10000,0.8,cg,p=128,-2210.8494859014386,-2215.614929477283,4.765443575844529,0.0021508446763214444,0.0,0.32444741600193083
knn,10000,0.9,cg,p=128,-3711.824511757592,-3722.924560494789,11.100048737197085,0.002981540065297979,0.0,0.4448357500077691
knn,10000,0.95,cg,p=128,-5685.921388397862,-5709.432510728902,23.511122331040497,0.004117943821362189,0.0,0.6142434590001358
knn,10000,0.99,cg,p=128,-12494.862375673825,-12524.801711301734,29.939335627908804,0.002390403961516859,0.0,1.3338531670015072
parity_gate,2500,0.0,numpy_vs_jax_grad,,0.0,0.0,3.410605131648481e-13,3.410605131648481e-13,0.0,0.0
