arm,n,draws,chains,warmup_s,sampling_s,total_s,draws_per_s,beta_ess,beta_ess_per_s,mean_leapfrog,step_size,accept,divergent,rho_mean,rho_sd,rho_ess,rho_ess_per_s,logdet_method,scout_s,rho_ess_per_s_charged,beta_ess_per_s_charged,window_lo,window_hi,window_width,narrowing
gibbs,900,1000,4,,3.719,3.719,1075.5,3896.9,1047.79,,,,,0.615,0.0191,4271.7,1148.55,cheb_cholesky,,,,,,,
nuts_prior,900,1000,4,3.322,2.037,5.359,1963.4,2008.0,985.67,8.24,0.4445,0.926,0,0.6145,0.0194,2038.4,1000.55,cheb_cholesky,,,,,,,
nuts_refit,900,1000,4,6.443,1.82,8.263,2198.3,1863.7,1024.24,8.64,0.4194,0.933,0,0.6146,0.0201,1774.9,975.41,cheb_cholesky,4.365,286.99,301.34,0.36031,0.85737,0.49706,1.91
gibbs,2500,1000,4,,3.143,3.143,1272.9,3791.4,1206.48,,,,,0.592,0.012,4009.8,1275.98,cheb_cholesky,,,,,,,
nuts_prior,2500,1000,4,2.834,2.363,5.198,1692.5,1937.8,819.9,9.39,0.3967,0.935,0,0.5922,0.012,1925.1,814.53,cheb_cholesky,,,,,,,
nuts_refit,2500,1000,4,6.555,2.051,8.606,1950.3,1575.0,767.92,9.68,0.3736,0.941,0,0.5924,0.0123,1522.6,742.38,cheb_cholesky,4.336,238.37,246.58,0.43527,0.74036,0.30509,3.11
gibbs,10000,1000,4,,4.823,4.823,829.4,3601.4,746.72,,,,,0.6021,0.0059,3645.3,755.82,cheb_cholesky,,,,,,,
nuts_prior,10000,1000,4,3.619,3.355,6.974,1192.2,1716.8,511.71,9.26,0.3876,0.935,0,0.6022,0.006,1695.0,505.21,cheb_cholesky,,,,,,,
nuts_refit,10000,1000,4,8.158,2.912,11.071,1373.5,1655.7,568.51,9.11,0.3976,0.932,0,0.6022,0.006,1595.2,547.73,cheb_cholesky,5.05,200.34,207.94,0.52301,0.68123,0.15822,6.0
