model,sampler,N,T,n_obs,draws,chains,wall_s,rho_ess,rho_ess_per_s,beta_ess,beta_ess_per_s,rho_mean
SARPanelFE,gibbs-numpy,100,10,1000,1000,4,1.37,3943.5,2878.96,3403.0,2484.37,0.4915
SARPanelFE,gibbs-jax,100,10,1000,1000,4,2.25,4227.3,1877.83,3786.9,1682.21,0.492
SARPanelFE,nuts-pymc,100,10,1000,1000,4,3.09,2807.7,908.67,2756.5,892.1,0.4915
SARPanelFE,nuts-blackjax,100,10,1000,1000,4,6.83,2181.6,319.37,2313.1,338.64,0.4926
SARPanelFE,nuts-nutpie,100,10,1000,1000,4,4.49,2403.9,535.97,2216.4,494.15,0.4918
SARPanelRE,gibbs-numpy,100,10,1000,1000,4,2.44,3820.3,1567.86,1313.4,539.02,0.4917
SARPanelRE,nuts-pymc,100,10,1000,1000,4,4.24,7468.2,1759.93,3834.5,903.63,0.4949
SARPanelRE,nuts-blackjax,100,10,1000,1000,4,6.52,6058.4,929.18,3201.2,490.97,0.4955
SARPanelRE,nuts-nutpie,100,10,1000,1000,4,5.08,4937.8,971.92,2886.5,568.17,0.4955
SARPanelFE,gibbs-numpy,225,10,2250,1000,4,2.2,3823.8,1741.56,3861.2,1758.57,0.5222
SARPanelFE,gibbs-jax,225,10,2250,1000,4,2.18,3767.6,1725.27,3868.1,1771.3,0.5218
SARPanelFE,nuts-pymc,225,10,2250,1000,4,3.26,2812.1,861.8,3026.8,927.61,0.5216
SARPanelFE,nuts-blackjax,225,10,2250,1000,4,5.96,2339.3,392.31,2432.3,407.9,0.5213
SARPanelFE,nuts-nutpie,225,10,2250,1000,4,5.39,2303.8,427.03,2254.6,417.92,0.5211
SARPanelRE,gibbs-numpy,225,10,2250,1000,4,6.23,3933.0,631.79,1044.0,167.71,0.5227
SARPanelRE,nuts-pymc,225,10,2250,1000,4,24.93,5792.9,232.39,2375.5,95.3,0.5268
SARPanelRE,nuts-blackjax,225,10,2250,1000,4,10.14,4943.2,487.68,2197.8,216.83,0.527
SARPanelRE,nuts-nutpie,225,10,2250,1000,4,5.38,3169.4,588.95,1868.0,347.12,0.5269
