arm,n,draws,chains,warmup_s,sampling_s,total_s,draws_per_s,beta_ess,beta_ess_per_s,rho_mean,rho_sd,rho_ess,rho_ess_per_s,mean_leapfrog,step_size,accept,divergent,ks_vs_ref,slq_probes
ols_blackjax,2500,2000,4,2.781,1.954,4.734,4095.0,8258.0,4227.04,,,,,4.53,0.8574,0.906,0,,
sar_eig,2500,2000,4,3.583,4.11,7.693,1946.3,4235.5,1030.45,0.6002,0.0114,4026.5,979.61,8.03,0.4407,0.923,0,,
sar_chol_cheb,2500,2000,4,2.905,2.992,5.897,2673.9,3897.1,1302.58,0.6001,0.0113,3751.3,1253.83,8.18,0.4317,0.927,0,0.0085,
sar_slq_p50,2500,2000,4,3.412,3.766,7.178,2124.3,3453.0,916.9,0.6002,0.0113,3658.8,971.54,8.59,0.4235,0.932,0,0.0104,50
gibbs,2500,2000,4,,2.786,2.786,2872.0,7643.9,2744.16,0.6002,0.0114,7884.4,2830.48,,,,,0.0132,
pymc-nutpie,2500,2000,4,,18.179,18.179,440.1,4009.2,220.54,0.6002,0.0114,3974.4,218.62,,,,,,
pymc-blackjax,2500,2000,4,,8.966,8.966,892.2,3972.4,443.03,0.6003,0.0114,4059.6,452.75,,,,,,
ols_blackjax,10000,2000,4,2.458,2.94,5.397,2721.5,7447.9,2533.66,,,,,4.78,0.7767,0.918,0,,
sar_eig,10000,2000,4,6.218,10.552,16.77,758.2,3754.5,355.81,0.5971,0.0059,3780.1,358.25,8.95,0.4072,0.93,0,,
sar_chol_cheb,10000,2000,4,3.469,4.722,8.191,1694.1,3665.1,776.12,0.597,0.0059,3535.7,748.72,8.74,0.4079,0.929,0,0.0102,
sar_slq_p50,10000,2000,4,3.746,5.491,9.237,1456.9,3528.1,642.52,0.5965,0.006,3568.5,649.88,8.83,0.409,0.927,0,0.043,50
gibbs,10000,2000,4,,4.09,4.09,1956.2,7885.4,1928.19,0.5971,0.0059,8390.2,2051.64,,,,,0.0088,
pymc-nutpie,10000,2000,4,,16.977,16.977,471.2,3522.0,207.46,0.5972,0.006,3476.7,204.79,,,,,,
pymc-blackjax,10000,2000,4,,9.492,9.492,842.8,3817.1,402.14,0.5972,0.0059,3514.3,370.24,,,,,,
ols_blackjax,50176,2000,4,4.743,7.132,11.875,1121.8,8815.7,1236.14,,,,,4.28,0.7678,0.903,0,,
sar_chol_cheb,50176,2000,4,7.25,13.019,20.269,614.5,3409.1,261.86,0.5953,0.0026,3376.0,259.32,8.57,0.3796,0.933,0,,
sar_slq_p50,50176,2000,4,6.364,11.205,17.569,714.0,3482.7,310.81,0.5957,0.0027,3378.7,301.53,8.44,0.3862,0.926,0,,50
gibbs,50176,2000,4,,5.608,5.608,1426.6,7592.3,1353.89,0.5952,0.0026,7536.3,1343.91,,,,,,
